<?xml version="1.0" encoding="UTF-8"?>
<metadata modelVersion="1.1.0">
  <groupId>org.apache.qpid</groupId>
  <artifactId>qpid-jms-parent</artifactId>
  <version>2.4.0-SNAPSHOT</version>
  <versioning>
    <snapshot>
      <localCopy>true</localCopy>
    </snapshot>
    <lastUpdated>20230620145223</lastUpdated>
    <snapshotVersions>
      <snapshotVersion>
        <extension>pom</extension>
        <value>2.4.0-SNAPSHOT</value>
        <updated>20230620145223</updated>
      </snapshotVersion>
    </snapshotVersions>
  </versioning>
</metadata>
